close,high,low,open,volume
125.43,128.0,125.21,127.82,79388743.0
127.31,127.72,125.1,125.23,73359943.0
124.69,124.92,122.88,123.16,86428018.0
124.85,126.99,124.78,126.56,60196256.0
126.27,126.92,125.17,126.82,68472910.0
127.45,127.89,125.85,126.25,78672853.0
124.97,126.15,124.26,124.58,102915365.0
122.77,124.64,122.25,123.4,107049248.0
125.91,126.27,122.77,123.5,125168662.0
126.85,129.54,126.81,129.41,88181607.0
130.21,131.26,129.48,130.85,75344258.0
129.74,129.75,127.13,127.89,75900714.0
128.1,130.45,127.97,129.2,81561974.0
127.85,131.49,126.7,131.19,132956425.0
132.54,134.07,131.83,132.04,72471550.0
131.46,133.56,131.07,131.78,106404233.0
133.48,137.07,132.45,136.47,149891988.0
133.58,135.02,133.08,134.31,86722742.0
134.39,135.41,134.11,135.01,64303350.0
134.72,135.06,133.56,134.83,63608239.0
134.32,135.12,132.16,132.16,78935695.0
131.94,134.15,131.41,133.04,81146350.0
133.5,133.75,131.3,132.36,67624221.0
133.11,135.53,131.81,135.02,95598989.0
134.84,135.47,133.34,133.51,94820121.0
134.16,134.67,133.28,134.3,85446163.0
134.5,135.0,133.64,133.82,89752895.0
132.029999,135.0,131.660004,134.940002,87222800.0
134.429993,134.660004,131.929993,132.440002,91266500.0
131.240005,132.850006,130.630005,132.520004,91420000.0
133.0,133.039993,129.470001,129.800003,106686700.0
130.360001,130.389999,128.520004,128.949997,88844600.0
127.900002,127.919998,125.139999,125.830002,83466700.0
126.209999,127.129997,125.650002,126.5,80171300.0
125.900002,126.160004,123.07,123.870003,88651200.0
123.0,124.18,122.489998,123.660004,75089100.0
122.150002,123.519997,121.150002,121.650002,118323800.0
119.900002,120.400002,118.860001,120.110001,85671900.0
121.389999,122.580002,120.730003,121.650002,80819200.0
121.209999,121.480003,118.919998,120.349998,94071200.0
120.589996,121.660004,119.0,119.540001,98844700.0
120.089996,122.900002,120.07,122.82,88530500.0
122.540001,124.239998,122.139999,123.330002,95467100.0
123.389999,123.870003,120.260002,120.330002,111912300.0
119.989998,121.43,119.68,119.900002,185549500.0
120.529999,123.18,120.32,122.879997,121469800.0
124.760002,125.860001,122.339996,124.050003,111932600.0
125.57,127.220001,124.720001,125.699997,115227900.0
123.989998,124.0,120.419998,121.410004,92403800.0
121.029999,121.169998,119.160004,120.400002,88105100.0
121.959999,123.209999,121.260002,122.540001,103026500.0
119.980003,122.169998,119.449997,121.690002,111943300.0
121.089996,122.059998,118.790001,119.029999,129525800.0
116.360001,121.0,116.209999,120.93,154376600.0
121.419998,121.940002,117.57,120.980003,153766600.0
120.129997,123.599998,118.620003,121.75,178155000.0
122.059998,125.709999,121.839996,124.809998,112966300.0
125.120003,128.720001,125.010002,128.410004,102260900.0
127.790001,127.93,122.790001,123.75,116307900.0
121.260002,124.849998,121.199997,122.589996,164320000.0
120.989998,126.459999,120.540001,124.68,148199500.0
125.349998,125.559998,122.230003,124.940002,111039900.0
125.860001,126.709999,118.389999,123.760002,158273000.0
126.0,129.720001,125.599998,128.009995,103916400.0
129.869995,130.710007,128.800003,130.240005,87668800.0
129.710007,130.0,127.410004,129.199997,96856700.0
130.839996,132.220001,129.470001,131.25,97918500.0
133.190002,136.009995,132.789993,135.490005,80576300.0
135.369995,135.529999,133.690002,134.350006,60029300.0
135.130005,136.389999,133.770004,135.899994,64154400.0
135.389999,136.990005,134.399994,136.479996,73046600.0
136.009995,137.880005,135.850006,136.619995,76774200.0
136.910004,136.960007,134.919998,136.029999,71297200.0
136.759995,137.419998,135.860001,137.350006,75524000.0
137.389999,137.399994,134.589996,136.300003,84183100.0
133.940002,135.770004,133.610001,135.759995,89880900.0
134.990005,136.309998,134.610001,135.729996,83305400.0
134.139999,135.380005,130.929993,133.75,106239800.0
131.960007,136.740005,130.210007,135.830002,177180600.0
137.089996,141.990005,136.699997,139.520004,142621100.0
142.059998,144.300003,140.410004,143.429993,140843800.0
143.160004,144.300003,141.369995,143.600006,98390600.0
142.919998,145.089996,136.539993,143.070007,157611700.0
139.070007,139.850006,135.020004,136.279999,113907200.0
136.869995,139.669998,133.589996,133.800003,120529500.0
132.029999,132.490005,128.550003,128.660004,104319500.0
127.830002,128.710007,126.940002,127.779999,90757300.0
127.139999,130.220001,127.0,128.779999,111598500.0
128.910004,131.0,128.759995,130.800003,90221800.0
130.889999,131.449997,128.490005,128.759995,88636800.0
128.800003,129.690002,126.860001,128.5,91951100.0
128.979996,130.169998,128.5,129.190002,100620900.0
132.050003,132.630005,130.229996,132.429993,105158200.0
130.919998,131.630005,127.860001,128.360001,109578200.0
126.599998,131.050003,126.379997,127.720001,155088000.0
131.009995,131.740005,128.429993,128.889999,97664900.0
129.410004,133.610001,126.760002,133.520004,143301900.0
132.690002,134.740005,131.720001,134.080002,98990400.0
133.720001,135.990005,133.399994,135.580002,96452100.0
134.869995,138.789993,134.339996,138.050003,121047300.0
136.690002,137.339996,133.509995,133.990005,124486200.0
131.970001,133.460007,131.100006,131.320007,54930100.0
130.960007,132.429993,130.779999,132.160004,88223700.0
131.880005,134.410004,129.649994,131.610001,168904800.0
128.229996,128.309998,123.449997,125.019997,121251600.0
126.660004,129.100006,126.120003,128.960007,192541500.0
128.699997,129.580002,128.039993,128.899994,94359800.0
127.809998,128.369995,126.559998,127.410004,98208600.0
127.879997,127.900002,124.129997,124.339996,157572300.0
121.779999,123.349998,121.540001,122.599998,79184500.0
122.410004,122.760002,120.550003,122.43,86939800.0
123.239998,123.870003,120.150002,120.5,81312200.0
121.779999,125.949997,121.0,124.529999,115089200.0
124.379997,124.980003,123.089996,124.370003,82225500.0
123.75,124.57,122.25,122.309998,86712000.0
122.25,122.860001,121.519997,122.599998,78260400.0
122.940002,123.779999,122.209999,123.519997,78967600.0
123.080002,123.370003,120.889999,122.019997,89004200.0
122.720001,123.470001,120.010002,121.010002,128166800.0
119.050003,120.970001,116.809998,116.970001,169410200.0
116.589996,117.489998,116.220001,116.57,46691300.0
116.029999,116.75,115.169998,115.550003,76499200.0
115.169998,115.849998,112.589996,113.910004,113874200.0
113.849998,117.620003,113.75,117.18,127959300.0
117.339996,118.769997,117.290001,118.639999,73604300.0
118.639999,119.059998,116.809998,117.589996,74113000.0
118.029999,119.82,118.0,118.610001,76322100.0
119.389999,120.669998,118.959999,119.550003,74271000.0
120.300003,120.989998,118.150002,118.919998,91183000.0
119.260002,119.669998,117.870003,119.440002,81581900.0
119.209999,120.529999,118.57,119.620003,103162300.0
119.489998,119.629997,116.440002,117.190002,112295000.0
115.970001,117.589996,114.129997,115.550003,138023400.0
116.32,121.989998,116.050003,120.5,154515300.0
118.690002,119.199997,116.129997,118.32,114457900.0
119.029999,119.620003,116.870003,117.949997,126387100.0
114.949997,115.589996,112.349998,114.139999,138235500.0
110.440002,111.489998,108.730003,109.660004,107624400.0
108.769997,110.68,107.32,109.110001,122866900.0
108.860001,111.989998,107.720001,111.059998,190272600.0
115.32,116.93,112.199997,112.370003,146129200.0
111.199997,115.43,111.099998,115.050003,143937800.0
116.599998,117.279999,114.540001,115.489998,92276800.0
115.050003,116.550003,112.879997,114.010002,111850700.0
115.040001,116.550003,114.279999,116.389999,82572600.0
115.75,118.040001,114.589996,117.449997,101988000.0
116.870003,118.709999,116.449997,116.669998,89946000.0
117.510002,118.980003,115.629997,116.199997,124423700.0
115.980003,120.419998,115.660004,119.959999,120639300.0
119.019997,121.550003,118.809998,121.279999,115393800.0
120.709999,121.199997,118.150002,118.720001,112559200.0
121.190002,123.029999,119.620003,121.0,151062300.0
121.099998,125.389999,119.650002,125.269997,262330500.0
124.400002,125.18,119.279999,120.059998,240226800.0
116.970001,117.0,114.919998,115.279999,100506900.0
114.970001,116.400002,114.589996,116.25,83477200.0
115.080002,115.550003,114.129997,114.620003,96849000.0
113.160004,116.120003,112.25,115.699997,161498200.0
116.5,116.650002,113.550003,113.910004,106243800.0
113.019997,115.370003,112.220001,112.889999,144712000.0
116.790001,117.720001,115.830002,117.639999,116120400.0
115.809998,117.260002,113.620003,113.790001,142675200.0
114.089996,115.309998,113.57,114.550003,99382200.0
114.959999,115.32,112.779999,115.010002,137672400.0
112.279999,112.440002,107.669998,108.43,149981400.0
108.220001,110.25,105.0,105.169998,167743300.0
107.120003,112.110001,106.769997,111.620003,150718700.0
111.809998,112.860001,109.160004,112.68,183055400.0
110.080002,110.190002,103.099998,104.540001,195713800.0
106.839996,110.879997,106.089996,110.400002,287104900.0
110.339996,112.199997,108.709999,109.720001,178011000.0
112.129997,116.0,112.040001,115.230003,154679000.0
115.540001,118.830002,113.610001,118.330002,184642000.0
115.360001,115.93,112.800003,114.720001,140150100.0
112.0,115.230003,110.0,114.57,180860300.0
113.489998,120.5,112.5,120.360001,182274400.0
117.32,119.139999,115.260002,117.260002,176940500.0
112.82,118.989998,112.68,113.949997,231366600.0
120.959999,123.699997,110.889999,120.07,332607200.0
120.879997,128.839996,120.5,126.910004,257599600.0
131.399994,137.979996,127.0,137.589996,200119000.0
134.179993,134.800003,130.529999,132.759995,152470100.0
129.039993,131.0,126.0,127.580002,225702700.0
124.807503,126.442497,124.577499,126.012497,187630000.0
125.010002,127.485001,123.832497,127.142502,155552400.0
126.522499,126.9925,125.082497,126.18,163022400.0
124.824997,125.18,123.052498,124.697502,211495600.0
125.857498,128.785004,123.9375,128.697495,345937600.0
124.370003,124.8675,119.25,119.262497,338054800.0
117.9,117.9,115.2510653124,115.2684925143,127821372.0
115.707497,117.162498,115.610001,115.982498,145538000.0
115.5625,116.0,114.0075,114.352501,105633600.0
114.607498,116.087502,113.962502,116.0625,119561600.0
114.907501,115.0,113.044998,114.830002,165565200.0
115.010002,116.042503,113.927498,114.43,210082000.0
113.010002,113.275002,110.297501,110.497498,165944800.0
109.375,112.482498,109.107498,111.970001,187902400.0
112.727501,113.775002,110.0,112.599998,212403600.0
111.112503,113.675003,110.292503,113.205002,198045600.0
113.902496,114.412498,109.797501,110.404999,202428800.0
110.0625,110.392502,108.897499,109.377502,121992000.0
109.665001,110.790001,108.387497,109.1325,173071600.0
108.9375,111.637497,107.892502,108.199997,308151200.0
106.260002,106.415001,100.824997,102.885002,374336800.0
96.190002,96.297501,93.767502,94.1875,158130000.0
95.040001,95.230003,93.712502,93.75,90329200.0
93.252502,94.550003,93.247498,94.3675,103625600.0
94.809998,94.904999,93.480003,93.709999,121214000.0
92.614998,92.970001,89.144997,90.987503,185438800.0
92.845001,97.077499,92.010002,96.997498,197004400.0
97.272499,97.974998,96.602501,96.692497,89001600.0
97.0,99.25,96.7425,99.172501,103646000.0
98.357498,98.5,96.0625,96.417503,90318000.0
96.327499,97.147499,95.839996,96.987503,92186800.0
96.522499,97.404999,95.904999,96.5625,110577600.0
97.724998,99.247498,96.489998,98.989998,38189300.0
97.057503,97.254997,93.877502,94.839996,42747300.0
95.477501,99.955002,95.2575,97.264999,47912300.0
95.919998,95.980003,94.705002,95.334999,22564300.0
95.752502,96.317497,94.672501,96.262497,31410700.0
95.342499,95.375,94.089996,94.18,29273000.0
93.172501,94.654999,93.057503,93.852501,28106100.0
93.462502,93.945,92.467499,92.5,29663900.0
91.027496,92.6175,90.910004,91.962502,28510400.0
91.027496,91.839996,90.977501,91.279999,27684300.0
91.199997,91.495003,90.0,90.019997,35055800.0
90.445,90.542503,87.82,88.3125,32661500.0
88.407501,91.330002,88.254997,91.102501,51314200.0
91.209999,91.25,89.392502,90.175003,34380600.0
90.014999,92.197502,89.629997,91.25,48155800.0
91.6325,93.095001,90.567497,91.0,53038900.0
89.717499,89.864998,87.787498,87.834999,33861300.0
87.43,89.139999,86.287498,88.660004,66119000.0
87.932503,88.362503,87.305,87.852501,24205100.0
87.897499,88.849998,87.772499,88.787498,28532000.0
88.019997,88.300003,86.18,87.864998,41357200.0
85.747498,86.419998,83.144997,83.3125,138808800.0
84.699997,86.949997,83.555,86.18,200146000.0
83.974998,87.764999,83.870003,87.327499,201662400.0
88.209999,88.692497,86.522499,86.974998,166651600.0
85.997498,86.402496,83.002502,83.035004,147712400.0
83.364998,83.400002,81.830002,82.5625,95654400.0
82.875,82.9375,80.807503,80.837502,137250400.0
80.580002,81.404999,80.195,81.097504,87560400.0
81.279999,81.550003,80.574997,81.165001,104491200.0
80.834999,80.860001,79.732498,80.1875,87642800.0
80.462502,80.587502,79.302498,79.4375,80791200.0
79.485001,80.287498,79.1175,79.8125,153598000.0
79.5625,80.860001,78.907501,79.192497,133560800.0
79.527496,79.677498,78.272499,79.035004,112945200.0
79.182503,81.059998,79.125,80.875,125522000.0
79.722504,79.807503,78.837502,78.942497,81803200.0
79.212502,80.222504,78.967499,79.665001,102688800.0
79.807503,79.879997,79.129997,79.169998,111504800.0
78.285004,79.629997,78.252502,78.7575,101729600.0
78.739998,79.125,77.580002,78.292503,135372400.0
76.927498,76.974998,75.052498,75.087502,166348400.0
77.385002,77.447502,75.3825,76.127502,158929200.0
76.912498,78.987503,75.802498,78.037498,200622400.0
77.852501,79.922501,77.727501,79.457497,162301200.0
78.752502,79.262497,76.809998,77.025002,145946400.0
77.532501,77.587502,76.072502,76.410004,134048000.0
75.934998,76.292503,75.4925,75.805,115215200.0
75.157501,75.809998,74.717499,75.114998,142333600.0
74.389999,75.25,73.614998,73.764999,147751200.0
73.290001,73.422501,71.580002,72.292503,133568000.0
72.267502,74.75,71.462502,71.5625,240616800.0
73.449997,73.6325,72.087502,72.489998,183064000.0
71.932503,72.417503,70.972504,71.182503,137280800.0
69.644997,71.457497,69.550003,71.269997,112004800.0
70.792503,71.135002,69.987503,70.449997,117087600.0
70.7425,70.752502,69.25,69.300003,126508800.0
68.7575,70.4375,68.717499,68.967499,124814400.0
69.025002,69.474998,68.050003,68.402496,117057200.0
67.092499,69.3125,66.357498,69.07,180991600.0
69.232498,70.419998,69.212502,69.487503,130015200.0
70.699997,71.737503,69.214996,71.172501,215250000.0
71.672501,72.050003,70.587502,71.845001,157125200.0
71.107498,71.582497,70.157501,70.599998,131154400.0
71.762497,72.0625,69.512497,70.0,194994800.0
68.3125,68.425003,66.457497,67.077499,131022800.0
66.997498,67.517502,66.175003,67.175003,162116400.0
66.517502,66.842499,65.307503,65.684998,168895200.0
64.857498,67.925003,64.75,67.699997,202887200.0
65.6175,65.777496,62.345001,62.724998,201820400.0
60.352501,61.424999,59.7425,60.700001,129880000.0
61.232498,61.287498,59.224998,60.084999,165934000.0
60.227501,62.18,59.782501,61.625,176218400.0
63.572498,65.622498,63.0,63.900002,197002000.0
63.702499,63.880001,62.349998,62.685001,167976400.0
61.935001,63.967499,61.762501,63.1875,204216800.0
64.610001,64.669998,61.59,61.630001,252087200.0
61.380001,64.5625,61.075001,62.6875,303602000.0
61.720001,61.922501,58.575001,59.09,287531200.0
56.092499,57.125,53.1525,57.02,336752800.0
57.310001,62.9575,57.0,61.794998,401693200.0
61.195,63.209999,60.6525,61.8475,271857200.0
61.6675,62.5,59.279999,59.942501,300233600.0
63.215,64.402496,59.599998,61.877499,324056000.0
60.552502,64.769997,60.0,60.487499,322423600.0
69.4925,69.980003,63.237499,66.222504,370732000.0
62.057499,67.5,62.0,63.985001,418474000.0
68.857498,70.305,67.964996,69.347504,255598800.0
71.334999,71.610001,67.342499,69.285004,285290000.0
66.542503,69.522499,65.75,65.9375,286744800.0
72.2575,72.705002,70.307503,70.5,226176800.0
73.230003,74.887497,72.852501,73.879997,187572800.0
75.684998,75.849998,73.282501,74.110001,219178400.0
72.330002,76.0,71.449997,75.917503,319475600.0
74.702499,75.360001,69.43,70.57,341397200.0
68.339996,69.602501,64.092499,64.315002,426884800.0
68.379997,71.5,68.239998,70.275002,320605600.0
73.162498,74.470001,71.625,71.6325,198054800.0
72.019997,75.6325,71.532501,75.237503,230673600.0
74.544998,76.044998,72.307503,74.315002,222195200.0
78.262497,80.112503,77.625,79.654999,129554000.0
80.074997,81.162498,79.552498,80.657501,100566000.0
80.904999,81.142502,80.0,80.0,93984000.0
79.75,79.9375,78.652496,78.839996,152531200.0
81.237503,81.495003,80.712502,81.184998,80113600.0
81.217499,81.555,80.837502,81.047501,94747600.0
81.800003,81.805,80.3675,80.3675,113730400.0
79.902496,80.974998,79.677498,80.900002,94323200.0
80.387497,80.387497,78.462502,78.544998,109348800.0
80.0075,80.849998,79.5,80.592499,117684000.0
81.302498,81.305,80.065002,80.642502,105425600.0
80.362503,81.190002,79.737503,80.879997,118826800.0
79.712502,79.910004,78.407501,78.827499,136616400.0
77.165001,78.372498,75.555,76.074997,173985600.0
77.377502,80.669998,77.072502,80.232498,199588400.0
80.967499,81.022499,79.6875,80.135002,126743200.0
81.084999,81.962502,80.345001,81.112503,216229200.0
79.422501,79.599998,78.047501,78.150002,162234000.0
77.237503,77.942497,76.220001,77.514999,161940000.0
79.577499,80.832497,79.379997,80.0625,146537600.0
79.807503,79.889999,78.912498,79.480003,104472000.0
79.425003,79.997498,79.327499,79.644997,101832400.0
79.142502,79.754997,79.0,79.297501,110843200.0
79.682503,79.684998,78.75,79.067497,137816400.0
78.809998,78.925003,78.022499,78.397499,108829200.0
77.834999,78.875,77.387497,77.962502,121923600.0
78.169998,79.392502,78.042503,79.175003,161954400.0
79.239998,79.267502,77.787498,77.910004,121532000.0
77.582497,78.167503,77.0625,77.650002,140644800.0
77.407501,77.607498,76.550003,76.809998,170108400.0
75.797501,76.110001,74.290001,74.290001,132079200.0
74.597504,75.224998,74.370003,74.959999,108872000.0
74.949997,74.989998,73.1875,73.447502,118387200.0
74.357498,75.144997,74.125,74.287498,146322800.0
75.087502,75.150002,73.797501,74.059998,135480400.0
73.412498,73.419998,72.379997,72.482498,100805600.0
72.879997,73.172501,71.305,72.364998,144114400.0
72.449997,73.4925,72.029999,72.779999,146266000.0
72.477501,72.495003,71.175003,71.205002,93121200.0
71.067497,71.222504,70.730003,71.172501,48478800.0
71.0,71.0625,70.092499,70.1325,98572000.0
69.860001,70.662498,69.639999,70.557503,275978000.0
70.004997,70.294998,69.737503,69.875,98369200.0
69.934998,70.474998,69.779999,69.949997,116028400.0
70.102501,70.442497,69.699997,69.892502,114158400.0
69.964996,70.197502,69.245003,69.25,128186000.0
68.787498,68.824997,67.732498,67.864998,133587600.0
67.864998,68.139999,66.830002,66.945,137310400.0
67.692497,67.775002,67.125,67.202499,78756800.0
67.120003,67.517502,66.464996,67.150002,90420400.0
66.730003,67.699997,66.227501,67.5,128042400.0
67.677498,67.75,66.824997,66.870003,106075600.0
66.394997,66.472504,65.682503,65.947502,74424400.0
65.434998,65.827499,65.169998,65.267502,67181600.0
64.862503,64.8825,64.072502,64.577499,114430400.0
66.040001,67.0625,65.862503,66.817497,94487200.0
66.8125,67.0,66.474998,66.650002,46617600.0
66.959999,66.995003,66.327499,66.394997,65235600.0
66.072502,66.790001,65.625,66.735001,105207600.0
66.592499,66.610001,65.629997,65.677498,84020400.0
65.445,65.794998,65.209999,65.647499,65325200.0
65.502502,66.002502,65.294998,65.922501,121395200.0
65.797501,66.519997,65.099998,66.385002,106234400.0
66.572502,67.0,66.347504,66.974998,76167200.0
66.775002,66.857498,66.057503,66.449997,86703200.0
66.440002,66.445,65.752502,65.919998,100206400.0
65.660004,66.220001,65.525002,65.9375,89182800.0
66.1175,66.195,65.267502,65.282501,102734400.0
65.489998,65.697502,65.230003,65.387497,87388800.0
65.550003,65.6175,64.57,64.574997,81821200.0
65.035004,65.110001,64.212502,64.672501,69986400.0
64.857498,65.087502,64.527496,64.684998,94940400.0
64.309998,64.372498,63.842499,64.192497,75864400.0
64.282501,64.547501,64.080002,64.262497,79897600.0
64.375,64.462502,63.845001,64.332497,103272000.0
63.955002,63.982498,62.290001,62.384998,151125200.0
62.189999,62.2925,59.314999,61.810001,139162000.0
60.814999,61.325001,60.302502,61.189999,124522000.0
60.822498,62.4375,60.642502,62.2425,142839600.0
62.262501,62.3125,61.68,61.855,96572800.0
61.645,61.682499,60.720001,60.790001,73477200.0
60.895,61.200001,60.452499,61.127499,69275200.0
60.794998,60.810001,60.305,60.525002,75828800.0
59.990002,60.549999,59.904999,60.290001,82293600.0
60.127499,60.247501,59.330002,59.380001,87247200.0
59.102501,59.395,58.572498,58.647499,97433600.0
58.82,59.037498,58.380001,58.772499,67585200.0
58.592499,58.810001,58.299999,58.342499,73903200.0
58.830002,59.412498,58.720001,59.0975,87360000.0
58.967499,59.532501,58.6675,58.724998,96427600.0
59.052502,59.41,58.077499,58.237499,166795600.0
57.522499,57.610001,56.825001,56.982498,113013600.0
56.7575,56.947498,56.41,56.7575,74770400.0
56.099998,57.014999,56.0825,56.455002,111820000.0
56.764999,57.482498,56.459999,56.567501,122306000.0
56.752499,56.872501,55.9725,56.41,138478800.0
55.205002,55.240002,53.782501,54.607498,114426000.0
54.740002,55.895,54.482498,55.764999,138449200.0
56.147499,57.055,56.049999,56.267502,139223200.0
55.9925,56.145,55.197498,55.224998,103909600.0
54.705002,55.240002,54.32,55.134998,101408000.0
54.9725,55.235001,54.7075,55.0,75334000.0
55.2575,55.375,54.285,54.637501,87613600.0
54.419998,55.622501,54.297501,55.2575,124763200.0
54.68,54.959999,54.412498,54.737499,76662000.0
54.432499,55.639999,54.3675,55.345001,221652400.0
55.240002,55.939999,55.092499,55.502499,88242400.0
55.692501,55.712502,54.860001,55.264999,101360000.0
55.174999,55.205002,54.779999,54.990002,73274800.0
54.974998,55.032501,54.389999,54.432499,84632400.0
54.6875,55.197498,54.255001,55.0,159053200.0
55.772499,56.605,55.715,56.200001,128906800.0
55.897499,55.927502,54.432499,54.517502,177158400.0
54.174999,54.195,52.927502,53.465,127111600.0
53.5425,54.110001,52.767502,53.709999,109237600.0
53.314999,53.605,53.127499,53.512501,77449200.0
53.32,53.4925,52.877499,53.0,95654800.0
52.297501,52.369999,51.830002,52.0975,76752400.0
51.424999,51.744999,51.055,51.607498,80092000.0
52.185001,52.612499,51.799999,52.540001,84573600.0
52.252499,52.330002,51.665001,52.125,83962000.0
51.3825,51.43,50.830002,51.025002,63755200.0
51.040001,52.137501,50.8825,51.965,103493200.0
51.622501,51.797501,51.264999,51.465,104174400.0
50.66,53.012501,50.25,52.357498,187272000.0
53.115002,53.610001,52.6875,53.297501,89014800.0
53.16,53.412498,52.900002,53.247501,86141600.0
52.59,53.337502,52.580002,52.720001,107537200.0
52.587502,53.182499,52.5075,52.654999,97654400.0
51.625,51.790001,50.959999,51.07,110481600.0
50.435001,51.285,49.9175,50.865002,108909600.0
50.6875,51.610001,50.647499,50.790001,146189600.0
52.2425,53.035,50.119999,50.255001,188874000.0
50.119999,50.512501,49.787498,49.904999,89927600.0
50.247501,50.689999,49.822498,50.325001,98478800.0
50.857498,50.8825,49.8475,50.049999,108038000.0
49.759998,49.889999,48.455002,48.852501,133457600.0
49.25,49.517502,48.509998,49.077499,143299200.0
48.334999,49.662498,48.145,49.497501,209572000.0
51.005001,51.607498,50.407501,51.3825,163448400.0
52.107498,54.5075,51.685001,53.474998,216071600.0
53.259998,55.342499,52.825001,54.105,277125600.0
52.195,52.540001,51.827499,52.189999,135742800.0
52.419998,52.66,52.110001,52.115002,86693600.0
51.935001,52.432499,51.785,51.869999,70475600.0
51.755001,52.310001,51.682499,52.2225,55638400.0
52.1675,52.287498,51.7925,51.9175,59966400.0
52.209999,52.227501,51.822498,52.115002,73420800.0
51.805,51.807499,50.9025,50.912498,89111600.0
50.647499,51.625,50.59,51.447498,83717200.0
51.415001,51.470001,50.924999,51.0,74162400.0
50.837502,51.272499,50.817501,51.012501,56430000.0
51.125,51.5275,50.875,51.147499,67467200.0
51.302502,51.467499,51.0,51.022499,67789600.0
50.825001,51.0,50.549999,50.612499,70380800.0
50.4375,51.0975,50.427502,50.827499,80767200.0
50.807499,50.932499,50.389999,50.462502,71588400.0
50.310001,50.377499,49.702499,49.799999,82312000.0
50.005001,50.349998,49.602501,50.202499,101354400.0
51.057499,51.27,50.724998,50.837502,69062000.0
51.102501,51.110001,50.672501,50.82,45448000.0
50.682499,50.782501,50.34,50.352501,67740800.0
50.387501,51.122501,50.162498,50.7925,109012000.0
49.48,49.875,49.262501,49.669998,124442400.0
49.935001,50.392502,49.892502,50.072498,83598800.0
49.950001,50.247501,49.337502,49.442501,104270000.0
48.892502,49.814999,48.822498,49.607498,84281200.0
49.645,50.040001,49.5425,49.634998,72881600.0
49.695,50.212502,49.537498,49.700001,191202400.0
49.865002,50.1525,49.5075,50.092499,86056000.0
49.467499,49.970001,49.327499,49.919998,84496800.0
49.612499,50.072498,48.802502,49.012501,106204000.0
48.4725,48.740002,48.0425,48.224998,58676400.0
48.185001,48.397499,47.575001,47.887501,75046000.0
48.537498,49.197498,48.400002,48.674999,86698400.0
48.547501,48.9925,48.3475,48.487499,73012800.0
48.702499,49.0,48.400002,48.715,107731600.0
48.145,48.842499,47.904999,47.952499,104883600.0
47.537498,47.98,46.442501,46.627499,122737600.0
46.305,46.3675,45.537498,45.77,90105200.0
45.634998,46.247501,45.285,46.07,119093600.0
44.91,44.9575,43.630001,43.860001,123872000.0
43.325001,44.48,42.567501,43.900002,161584400.0
43.767502,44.497501,43.747501,44.057499,108174400.0
44.575001,44.807499,44.1675,44.487499,84873600.0
44.345001,44.837502,44.0,44.105,113924800.0
44.557499,45.147499,44.477501,44.73,111792800.0
44.7425,45.535,44.654999,45.049999,94858800.0
44.915001,45.134998,44.452499,44.950001,146118800.0
45.695,46.427502,45.637501,46.165001,118994400.0
46.650002,47.0,46.174999,46.305,113459200.0
45.772499,46.087502,45.07,45.880001,154449200.0
47.25,47.724998,46.689999,46.732498,131516400.0
47.52,48.1175,47.209999,47.477501,132125600.0
47.73,47.9375,46.505001,46.567501,106178800.0
47.165001,47.424999,46.352501,46.602501,146118800.0
46.43,47.369999,45.712502,46.927502,229722400.0
49.294998,49.712502,48.192501,49.355,164834800.0
50.18,50.419998,49.165001,50.099998,139634400.0
50.724998,51.334999,50.4375,50.474998,105358000.0
50.715,51.855,50.2075,51.470001,155054800.0
52.119999,52.209999,50.875,51.072498,129772400.0
52.9375,52.959999,52.557499,52.7225,83569600.0
52.287498,53.162498,52.032501,52.459999,127985200.0
52.630001,53.827499,52.307499,52.470001,259309200.0
50.1675,50.849998,49.7775,50.764999,186139600.0
51.1525,51.4925,50.965,51.099998,88818800.0
51.075001,51.25,50.529999,51.224998,74596400.0
51.32,51.939999,51.279999,51.7075,74172800.0
51.790001,52.119999,51.762501,51.84,70162400.0
51.869999,51.9375,50.974998,51.107498,93292000.0
51.1325,51.235001,50.584999,50.7075,77758000.0
50.965,51.037498,50.630001,50.779999,96783200.0
50.782501,50.845001,49.6525,49.884998,115627200.0
49.8125,50.342499,49.639999,49.865002,102785600.0
49.807499,49.962502,49.502499,49.645,70146400.0
49.717499,50.035,49.052502,49.799999,111042800.0
49.737499,50.25,49.610001,50.212502,83603200.0
50.154999,50.185001,49.544998,49.669998,86781200.0
49.875,50.712502,49.807499,50.080002,143072800.0
50.025002,50.057499,49.084999,49.105,103526800.0
49.25,49.275002,48.982498,49.112499,74106400.0
48.922501,49.092499,48.285,48.697498,76457200.0
48.837502,49.125,48.287498,48.3125,93087200.0
48.505001,48.615002,47.762501,47.772499,91062800.0
47.810001,47.919998,47.095001,47.91,111448000.0
47.487499,47.52,47.134998,47.4575,94256000.0
47.18,47.389999,46.8825,47.237499,83121600.0
47.1175,47.439999,46.637501,47.1875,119393600.0
46.697498,48.220001,46.145,47.915001,199202000.0
47.185001,47.994999,46.650002,47.877499,175381200.0
47.762501,49.422501,47.695,48.834999,169630800.0
48.772499,49.0825,47.452499,47.505001,204136800.0
47.040001,47.372501,46.182499,46.557499,124140800.0
46.6325,47.247501,46.48,47.087502,126585600.0
47.005001,47.0975,46.447498,46.450001,104879200.0
46.529999,46.8325,45.935001,46.212502,156171600.0
45.932499,46.025002,45.639999,45.974998,94318000.0
45.427502,45.825001,45.23,45.5625,124130000.0
45.227501,45.6675,44.842499,45.0,129870400.0
44.724998,44.779999,43.837502,43.872501,128044000.0
43.227501,43.267502,42.375,42.580002,95997600.0
43.125,43.610001,43.005001,43.467499,99185600.0
43.630001,43.872501,43.485001,43.6675,83241600.0
43.8825,44.0,43.634998,43.985001,78949600.0
43.962502,44.4375,43.4925,43.922501,109744800.0
43.7425,43.787498,43.2225,43.57,103544800.0
43.287498,43.727501,43.23,43.580002,112861600.0
43.717499,43.75,43.182499,43.302502,111341600.0
43.5825,43.825001,43.2925,43.427502,68280800.0
43.557499,43.967499,43.487499,43.540001,87493600.0
43.2425,43.25,42.845001,42.895,75652800.0
42.764999,43.092499,42.575001,42.950001,68998800.0
43.0075,43.330002,42.747501,42.797501,104457600.0
42.732498,42.860001,42.372501,42.427502,75891200.0
42.605,42.924999,42.4375,42.8125,98507200.0
42.700001,42.814999,42.345001,42.427502,87342800.0
42.544998,43.119999,42.48,42.8475,89960800.0
42.7225,42.75,42.424999,42.525002,89134000.0
42.357498,42.802502,42.3125,42.762501,83973600.0
42.602501,42.665001,42.105,42.247501,95280000.0
42.735001,43.485001,42.584999,43.099998,126966800.0
43.560001,43.892502,43.212502,43.662498,112958400.0
43.544998,43.77,43.087502,43.215,144406400.0
42.8125,42.915001,41.82,41.852501,125982000.0
41.630001,42.244999,41.482498,41.740002,130672400.0
41.610001,42.25,41.139999,41.5275,162958400.0
41.3125,41.537498,40.057499,40.8125,244439200.0
38.669998,39.532501,38.5275,39.0625,166348800.0
39.075001,39.0825,38.415001,38.947498,104768400.0
39.439999,39.532501,38.580002,38.869999,134142000.0
38.174999,38.619999,37.935001,38.5275,101766000.0
38.48,38.785,37.924999,38.537498,92522400.0
38.325001,39.182499,38.154999,39.102501,121576000.0
39.205002,39.470001,38.994999,39.375,135004000.0
38.965,39.415001,38.314999,38.549999,119284800.0
38.735001,38.970001,38.25,38.27,122278800.0
38.267502,38.3475,37.512501,37.567501,114843600.0
37.5,37.817501,37.305,37.712502,129756800.0
38.072498,38.424999,37.877499,38.220001,108092800.0
38.450001,38.4925,37.715,38.125,143122800.0
38.327499,38.6325,37.407501,37.822498,180396400.0
37.6875,37.955002,37.130001,37.389999,164101200.0
36.982498,37.2075,36.474998,37.174999,219111200.0
37.064999,37.137501,35.950001,36.1325,234428400.0
35.547501,36.43,35.5,35.994999,365248800.0
39.48,39.712502,38.557499,38.7225,148158800.0
39.435001,39.84,39.119999,39.6325,140014000.0
39.057499,39.630001,38.637501,39.375,169165600.0
39.037498,39.192501,37.517502,38.959999,212468400.0
39.2925,39.307499,36.68,37.075001,234330000.0
36.7075,37.887501,36.647499,37.037498,148676800.0
37.682499,39.540001,37.407501,39.215,382978400.0
39.2075,40.5275,38.825001,40.099998,259092000.0
40.2225,41.862499,39.772499,41.5,196189200.0
41.517502,41.8825,41.0975,41.345001,135366000.0
40.985001,42.087502,40.682499,41.362499,177151600.0
41.369999,42.27,41.32,42.25,162814800.0
42.737499,43.142502,42.387501,42.622501,127594400.0
42.275002,42.98,42.255001,42.599998,142510800.0
42.157501,42.947498,41.75,42.915001,189126800.0
42.400002,42.522499,40.8325,41.25,248104000.0
42.122501,43.622501,42.075001,43.372501,169126400.0
43.68,43.695,42.605,42.939999,172393600.0
44.172501,45.5975,44.067501,45.237499,165377200.0
46.205002,46.235001,45.302502,46.115002,163210000.0
44.645,45.0825,44.2575,45.072498,158126000.0
44.887501,45.700001,44.424999,45.665001,167080000.0
45.235001,45.322498,43.732498,44.182499,184250000.0
43.560001,43.692501,42.720001,42.877499,165549600.0
43.654999,43.737499,42.564999,43.560001,179994000.0
43.072498,44.150002,43.025002,43.735001,94496000.0
44.195,45.067501,44.137501,44.932499,124496800.0
44.244999,45.3675,43.877499,44.592499,271300800.0
46.465,47.674999,46.247501,47.5,167701200.0
48.3825,48.7425,47.365002,47.625,147713200.0
47.852501,47.9925,46.724998,47.0975,185915200.0
46.700001,48.619999,46.482498,48.474998,243204000.0
48.057499,49.294998,47.862499,47.907501,187531600.0
48.5425,49.962502,48.447498,49.75,204542000.0
51.1175,51.502499,50.5625,51.387501,137463200.0
52.122501,52.529999,51.6875,52.494999,101450400.0
52.487499,52.514999,51.032501,51.4925,133697600.0
50.942501,51.18,50.422501,50.48,127531600.0
50.397499,51.0975,49.5425,51.075001,264654800.0
51.869999,53.412498,51.357498,52.387501,365314800.0
55.555,55.59,54.202499,54.762501,233292800.0
54.715,55.112499,54.154999,54.220001,153435600.0
53.325001,53.794998,52.317501,52.787498,146640000.0
53.060001,54.922501,51.522499,54.797501,183742000.0
54.075001,55.047501,53.1675,53.974998,189033600.0
54.950001,55.345001,54.1875,54.427502,119423200.0
53.772499,56.057499,53.634998,55.650002,163702000.0
55.682499,55.8125,53.674999,53.9575,155071200.0
55.162498,55.84,54.735001,54.947498,115168400.0
54.827499,55.314999,54.357498,54.514999,132314800.0
54.005001,54.935001,53.25,54.465,130325200.0
55.297501,55.66,54.834999,55.575001,91541600.0
55.537498,55.747501,54.189999,54.732498,116736000.0
54.34,55.4575,54.317501,55.290001,123164000.0
55.5275,55.720001,54.209999,55.105,161351600.0
53.612499,54.875,53.080002,53.630001,212497600.0
54.09,56.587502,54.012501,56.365002,167962400.0
56.717499,56.817501,55.5625,55.91,107564000.0
55.942501,56.200001,55.049999,55.552502,118655600.0
56.072498,57.102501,55.145,56.990002,134322000.0
56.997501,58.087502,56.682499,57.695,128168000.0
58.017502,58.3675,57.445,57.512501,114619200.0
57.32,57.5,56.657501,56.8125,99152800.0
56.814999,57.355,56.587502,56.987499,94403200.0
56.435001,56.459999,56.005001,56.197498,91717600.0
56.237499,56.610001,55.884998,55.955002,120724800.0
55.105,55.9375,54.939999,55.25,95938800.0
55.547501,55.705002,54.924999,54.9375,98217600.0
55.197498,55.314999,54.157501,54.205002,110773600.0
54.415001,55.34,54.322498,55.195,384986800.0
55.0075,55.57,54.787498,55.060001,106435200.0
54.592499,54.904999,53.825001,54.625,108495200.0
54.560001,55.462502,54.279999,54.447498,126286800.0
54.470001,55.737499,54.317501,55.537498,148780400.0
55.959999,56.709999,55.630001,56.4375,127997200.0
56.602501,57.087502,55.642502,55.880001,166825600.0
55.267502,56.25,54.959999,56.235001,197114800.0
55.962502,56.075001,54.139999,54.502499,142996000.0
54.5825,55.462502,54.1175,55.237499,158066000.0
55.325001,56.342499,55.177502,55.462502,150479200.0
55.775002,56.837502,55.325001,56.557499,137160000.0
56.717499,57.4175,56.275002,57.247501,133332000.0
57.09,57.294998,56.657501,57.102501,109560400.0
56.907501,57.217499,56.5,56.627499,173360400.0
56.2575,57.064999,55.599998,55.8125,195175200.0
55.744999,55.872501,54.852501,55.037498,109019200.0
54.924999,55.134998,54.73,54.752499,91107200.0
54.485001,54.685001,54.0825,54.287498,82100400.0
54.040001,54.224998,53.7775,54.150002,73905600.0
53.872501,54.262501,53.650002,53.662498,75532800.0
53.762501,54.09,53.459999,53.525002,76072400.0
53.759998,54.297501,53.5075,54.200001,104639200.0
53.865002,54.794998,53.7775,54.525002,121150800.0
54.395,54.487499,53.290001,53.360001,141708000.0
53.330002,53.452499,52.8675,52.9375,114001600.0
52.560001,52.685001,52.0825,52.305,115230400.0
52.4375,52.639999,52.064999,52.540001,82992000.0
52.217499,52.737499,51.924999,52.327499,103563600.0
51.8825,52.275002,51.6675,51.84,98444800.0
52.220001,52.445,51.799999,52.3825,93970400.0
51.8125,51.952499,51.130001,51.512501,90102000.0
51.7775,52.375,51.689999,52.330002,102349600.0
52.267502,52.3125,51.767502,52.0,101701600.0
51.997501,52.185001,51.369999,51.7575,133789600.0
51.8475,52.095001,50.087502,50.145,249616000.0
50.375,50.439999,49.327499,49.782501,271742800.0
47.572498,48.035,47.334999,47.575001,157492000.0
47.477501,48.049999,47.267502,47.974998,84118000.0
47.744999,48.797501,47.525002,48.747501,96096000.0
48.552502,48.990002,48.4025,48.6525,76304000.0
48.705002,48.712502,48.107498,48.264999,66839600.0
48.25,48.415001,48.012501,48.112499,74791600.0
47.9025,47.990002,47.389999,47.669998,63957600.0
47.860001,48.107498,47.5425,47.945,82704800.0
47.970001,48.137501,47.422501,47.422501,81147200.0
47.599998,47.950001,47.482498,47.945,65573600.0
47.862499,47.967499,47.299999,47.4375,62138000.0
47.727501,48.162498,47.605,47.880001,60172400.0
47.8325,47.959999,47.724998,47.77,50055600.0
47.7575,47.852501,47.327499,47.3825,72164400.0
46.970001,47.445,46.9025,47.125,75326000.0
47.587502,47.82,47.544998,47.677502,63756400.0
47.645,47.669998,47.325001,47.375,79026400.0
46.9925,47.107498,46.299999,46.355,69940800.0
46.349998,46.602501,46.07,46.314999,66416800.0
45.98,46.987499,45.884998,46.947498,55819200.0
46.794998,46.825001,45.855,45.955002,70925200.0
46.2775,46.797501,45.727501,46.572498,90950800.0
46.375,46.552502,45.950001,46.025002,69460800.0
46.040001,46.82,46.0075,46.307499,101141200.0
46.107498,46.6325,45.634998,45.747501,98276800.0
45.5425,46.23,45.182499,45.849998,126652400.0
46.23,46.537498,46.174999,46.529999,108801600.0
46.365002,47.087502,46.235001,46.8125,102847600.0
46.625,46.799999,46.432499,46.587502,82514800.0
46.422501,46.5825,45.862499,46.285,134314000.0
47.185001,47.305,46.799999,46.970001,73939600.0
47.209999,47.540001,47.064999,47.5075,246876800.0
47.700001,47.892502,47.555,47.887501,86440400.0
47.674999,48.220001,47.610001,48.105,86553600.0
48.07,48.1525,47.787498,47.8475,67644400.0
47.807499,47.9925,47.552502,47.837502,73234000.0
47.924999,48.0,47.442501,47.7925,106627200.0
48.365002,48.549999,48.084999,48.535,85388800.0
48.494999,48.52,47.98,48.407501,83734400.0
48.327499,48.485001,48.09,48.267502,86264000.0
47.9575,48.355,47.837502,47.91,105064800.0
47.560001,47.564999,46.9375,46.997501,93770000.0
46.717499,47.057499,46.535,46.805,109931200.0
46.875,47.0,46.695,46.93,74762000.0
46.974998,47.1875,46.717499,46.900002,90056400.0
47.145,47.412498,46.912498,47.057499,69844000.0
47.037498,47.209999,46.552502,47.192501,92936000.0
47.09,47.125,46.439999,46.587502,80233600.0
46.790001,47.220001,46.695,47.095001,60962800.0
46.907501,47.317501,46.727501,47.0,73603200.0
46.577499,46.952499,46.532501,46.797501,73190800.0
46.747501,47.227501,46.59,47.0,69176000.0
47.044998,47.115002,46.5,46.517502,76732400.0
46.610001,46.767502,46.275002,46.695,94780800.0
47.037498,47.3825,46.965,47.252499,83115200.0
47.147499,47.514999,46.862499,47.372501,104848800.0
47.509998,47.592499,46.912498,46.935001,111957200.0
46.84,46.849998,46.305,46.637501,92844800.0
46.512501,46.555,45.9175,46.247501,113611200.0
46.290001,46.9175,46.1875,46.294998,169805600.0
45.9575,46.0625,44.5425,44.5625,224805200.0
44.2225,44.375,43.610001,43.970001,136272800.0
44.142502,44.4375,43.450001,43.807499,266157600.0
42.275002,42.299999,41.317501,41.602501,214277600.0
41.314999,41.814999,40.459999,40.532501,169709600.0
40.580002,41.0825,40.157501,41.0,142623200.0
41.055,41.432499,40.842499,41.029999,111852000.0
40.912498,41.355,40.602501,40.654999,113528400.0
40.735001,41.5825,40.305,41.4175,134768000.0
41.310001,41.73,41.022499,41.7075,146062000.0
41.43,42.805,41.357498,42.650002,261964400.0
43.200001,43.8475,43.165001,43.439999,139235200.0
44.459999,44.705002,44.220001,44.452499,83018000.0
44.560001,44.735001,44.102501,44.122501,106421600.0
43.955002,44.047501,43.7075,43.7575,86313600.0
43.682499,43.959999,43.462502,43.695,100497200.0
43.535,43.75,43.259998,43.352501,91557200.0
43.110001,43.48,42.924999,43.057499,89726400.0
43.3125,43.5,42.8825,43.25,113634400.0
42.512501,43.272499,42.462502,42.470001,116070800.0
42.095001,43.119999,42.049999,42.7425,140021200.0
43.200001,43.557499,43.02,43.145,107732800.0
42.9025,43.002499,41.192501,41.220001,138422000.0
42.0975,42.1875,41.220001,41.91,121112000.0
41.669998,42.235001,41.1175,41.66,150347200.0
41.945,42.9375,41.724998,41.952499,153594000.0
41.619999,42.505001,41.297501,41.8125,166674000.0
42.084999,43.787498,41.73,43.419998,163690400.0
43.192501,43.275002,41.610001,42.017502,150164800.0
41.235001,42.48,41.235001,42.0975,164115200.0
42.212502,43.169998,42.150002,42.5,165963200.0
42.817501,43.772499,42.814999,43.759998,148219600.0
43.810001,44.200001,43.735001,43.810001,78597600.0
43.825001,44.3675,43.415001,44.330002,133787200.0
44.505001,44.779999,44.404999,44.662498,157618800.0
44.662498,45.060001,44.517502,44.625,90975200.0
44.610001,45.130001,44.452499,45.080002,117473600.0
44.9925,45.875,44.810001,45.647499,126774000.0
45.43,45.5975,45.052502,45.072498,128828400.0
44.994999,45.0,44.3475,44.490002,128740800.0
44.235001,44.279999,43.767502,43.869999,95096400.0
43.7575,43.962502,43.567501,43.735001,126814000.0
44.1675,44.5625,44.032501,44.477501,95154000.0
44.205002,44.435001,43.630001,43.802502,113605600.0
44.052502,44.075001,43.112499,43.200001,153816000.0
43.75,44.945,43.165001,44.634998,195208000.0
44.529999,45.154999,44.512501,44.814999,151128400.0
44.5975,45.119999,44.540001,44.775002,155712400.0
44.7425,44.8475,44.052502,44.087502,152648800.0
43.875,43.912498,43.384998,43.4175,135249600.0
43.125,43.487499,42.927502,42.950001,123967600.0
42.767502,43.529999,42.752499,43.2075,149886400.0
42.962502,43.564999,42.855,43.012501,135722000.0
43.107498,43.705002,42.942501,43.09,160704400.0
43.247501,43.272499,42.25,42.447498,204588800.0
41.842499,41.884998,40.720001,40.759998,162579600.0
41.084999,41.1875,40.412498,40.487499,130196800.0
40.677502,40.9725,39.377499,39.625,243278000.0
39.102501,39.4725,37.560001,39.267502,282690400.0
38.787498,40.25,38.7575,40.072498,217562000.0
39.884998,40.849998,39.767502,40.772499,206434400.0
40.7575,40.93,38.5,38.7075,272975200.0
39.122501,40.970001,39.0,39.775002,290954000.0
40.125,41.700001,40.025002,41.5,346375200.0
41.945,42.154999,41.689999,41.7925,188923200.0
41.857498,42.110001,41.625,41.717499,129915600.0
41.7425,41.842499,41.174999,41.3825,184192800.0
41.990002,42.540001,41.767502,42.540001,202561600.0
42.877499,43.0,42.514999,43.0,156572000.0
42.7775,43.737499,42.6325,43.627499,166116000.0
43.555,44.325001,43.299999,44.3125,204420400.0
44.259998,44.860001,44.205002,44.325001,130756400.0
44.25,44.445,44.150002,44.325001,108434400.0
44.615002,44.895,44.352501,44.6525,129700400.0
44.814999,45.025002,44.5625,44.842499,124773600.0
44.775002,44.8125,43.767502,44.037498,137547200.0
44.047501,44.8475,44.035,44.474998,118263600.0
44.272499,44.34,43.912498,44.044998,101672400.0
43.82,43.872501,43.622501,43.647499,74670800.0
43.572498,43.575001,43.25,43.290001,95839600.0
43.5825,43.764999,43.352501,43.637501,86336000.0
43.587502,43.9025,43.482498,43.587502,82271200.0
43.75,43.842499,43.262501,43.360001,94640000.0
43.2575,43.3675,43.02,43.134998,89738400.0
43.057499,43.637501,42.990002,43.1325,118071600.0
43.064999,43.075001,42.314999,42.540001,102223600.0
42.307499,42.647499,42.305,42.630001,103999600.0
42.77,42.962502,42.619999,42.75,65920800.0
42.650002,42.695,42.427502,42.525002,85992800.0
42.642502,42.8675,42.419998,42.700001,132742000.0
43.752499,43.855,43.625,43.669998,65397600.0
43.752499,44.005001,43.525002,43.5425,83799600.0
43.587502,43.855,43.3125,43.717499,93902400.0
43.634998,43.8475,43.522499,43.7575,109745600.0
44.105,44.299999,43.715,43.720001,117684400.0
43.4925,43.5425,43.115002,43.407501,160677200.0
43.055,43.282501,42.912498,43.099998,81906000.0
43.067501,43.384998,43.0,43.125,95273600.0
42.924999,43.0975,42.865002,43.037498,77636800.0
43.1675,43.2225,42.197498,42.299999,141095200.0
42.342499,42.75,42.205002,42.622501,93420800.0
42.330002,42.610001,42.227501,42.2575,102693200.0
42.252499,42.549999,41.615002,41.875,114240000.0
42.41,42.880001,42.099998,42.264999,109400800.0
42.450001,43.154999,42.407501,43.119999,130169600.0
42.762501,42.9175,42.125,42.487499,159037200.0
42.962502,43.035,42.110001,42.607498,166108800.0
42.369999,43.23,41.790001,43.157501,166665600.0
43.267502,43.717499,42.965,43.575001,105715200.0
43.522499,43.77,43.334999,43.762501,82867200.0
43.7425,43.875,43.662498,43.775002,56106800.0
43.740002,43.75,43.262501,43.34,102355600.0
43.285,43.424999,42.695,42.695,100525200.0
42.494999,42.639999,42.389999,42.572498,65049600.0
42.537498,42.8475,42.41,42.759998,87598000.0
42.775002,42.967499,42.575001,42.794998,94550000.0
42.27,42.580002,42.095001,42.4925,116632400.0
42.834999,43.369999,42.794998,43.259998,99130000.0
43.4925,43.625,43.349998,43.375,67928400.0
43.6675,43.845001,43.567501,43.7775,100582000.0
43.970001,44.025002,43.285,43.7775,117930400.0
44.060001,44.060001,43.5825,43.665001,97638000.0
43.702499,43.8125,43.400002,43.477501,97446000.0
43.5625,43.747501,42.93,43.092499,140105200.0
43.125,43.564999,42.779999,43.5,237594400.0
42.0275,42.125,41.32,41.650002,165573600.0
41.7225,42.485001,41.4025,42.467499,134551200.0
42.259998,42.412498,41.735001,41.974998,144187200.0
41.68,42.017502,40.93,40.9725,178803200.0
40.762501,40.900002,39.674999,39.822498,177816800.0
39.352501,39.4575,39.195,39.307499,68002000.0
39.102501,39.387501,38.817501,39.227501,84828400.0
39.275002,39.355,39.049999,39.072498,71028800.0
39.0425,39.422501,38.875,39.2225,87937200.0
39.0625,39.4375,38.990002,39.1525,95896400.0
38.994999,39.27,38.755001,39.1875,170336800.0
39.939999,40.177502,39.900002,40.105,65496800.0
40.1175,40.217499,39.807499,39.945,75989200.0
39.970001,40.0,39.412498,39.474998,96486000.0
39.247501,39.32,39.102501,39.182499,65576800.0
39.0,39.342499,38.932499,39.087502,64500400.0
39.137501,39.244999,38.9375,38.9925,67622400.0
38.974998,39.5,38.775002,39.014999,62468000.0
38.959999,39.182499,38.872501,38.952499,65051600.0
38.825001,38.872501,38.639999,38.7425,69630400.0
38.8475,38.860001,38.512501,38.544998,85135200.0
38.369999,38.465,38.115002,38.407501,80655200.0
38.619999,38.772499,38.477501,38.502499,64921200.0
38.452499,38.612499,38.18,38.564999,74795200.0
38.529999,38.532501,38.0,38.302502,105199200.0
38.32,38.57,38.174999,38.4725,88022000.0
38.557499,38.68,38.384998,38.450001,102016800.0
38.285,38.48,37.922501,37.945,146640000.0
37.637501,37.9575,37.290001,37.497501,177549200.0
37.9725,38.067501,37.639999,37.884998,186581600.0
38.3475,38.950001,38.1875,38.950001,150046800.0
39.017502,39.564999,38.4575,39.474998,211805600.0
39.682499,39.942501,39.610001,39.877499,83242400.0
39.6675,40.125,39.5,40.0275,113077600.0
39.970001,40.2425,39.5,39.6175,196458400.0
39.57,39.849998,39.522499,39.747501,95042800.0
39.912498,39.990002,39.477501,39.967499,179629600.0
40.215,40.990002,39.692501,40.6525,286856000.0
40.375,40.512501,39.9725,40.125,126323200.0
39.657501,40.287498,39.6325,40.215,114446000.0
40.314999,40.560001,40.09,40.522499,87714000.0
40.477501,40.747501,40.130001,40.677502,86606800.0
40.52,41.0625,40.139999,40.9375,117874000.0
41.012501,41.235001,40.907501,41.200001,66364400.0
41.0,41.130001,40.869999,40.91,107140400.0
40.837502,40.9725,40.6525,40.950001,109078400.0
40.727501,40.779999,40.0,40.025002,118067600.0
40.3675,40.5,39.982498,40.035,103864000.0
39.965,40.139999,39.817501,39.912498,101920400.0
39.817501,40.185001,39.637501,40.107498,79275600.0
39.994999,40.1175,39.720001,39.767502,77596400.0
39.945,40.0,39.505001,39.557499,86418400.0
39.302502,39.4725,38.7775,39.375,105474000.0
39.375,39.875,39.18,39.465,109712400.0
39.465,40.177502,39.459999,40.130001,111762400.0
40.237499,40.627499,40.037498,40.485001,110686400.0
40.400002,40.549999,40.035,40.165001,117862000.0
39.962502,40.052502,39.6875,39.830002,88490800.0
39.369999,39.642502,39.017502,39.150002,105028400.0
38.830002,40.0,38.657501,39.974998,163217200.0
40.264999,40.317501,39.7775,39.814999,104526000.0
40.02,40.4575,39.567501,39.650002,144823600.0
39.702499,39.73,39.1675,39.264999,87481200.0
39.0975,39.349998,38.922501,39.017502,82239600.0
38.892502,39.302502,38.755001,39.262501,108389200.0
39.285,39.9375,39.040001,39.82,279747200.0
37.512501,37.555,37.102501,37.275002,141474400.0
37.182499,37.5825,37.032501,37.474998,79383600.0
37.375,37.557499,37.297501,37.4725,68854800.0
37.639999,38.497501,36.825001,38.4375,129905200.0
38.365002,38.482498,38.264999,38.337502,63124000.0
38.185001,38.459999,37.950001,37.950001,75415600.0
38.022499,38.110001,37.474998,37.645,85972800.0
37.567501,37.610001,37.220001,37.497501,105010400.0
37.584999,37.935001,37.547501,37.875,68974800.0
37.755001,37.855,37.487499,37.619999,83692000.0
37.52,37.532501,37.1675,37.299999,71475200.0
37.389999,37.724998,37.142502,37.205002,95174000.0
37.259998,37.3325,36.8325,36.9925,80528400.0
36.942501,37.122501,36.360001,36.375,100797600.0
36.435001,36.544998,36.205002,36.467499,99538000.0
36.3825,36.462502,36.095001,36.182499,79127200.0
36.264999,36.487499,35.842499,36.0275,84362400.0
36.044998,36.1875,35.724998,35.724998,76806800.0
35.682499,35.875,35.602501,35.755001,96515200.0
36.022499,36.197498,35.68,35.922501,86278400.0
35.875,36.325001,35.775002,36.220001,57111200.0
36.005001,36.240002,35.945,36.112499,92096400.0
35.919998,36.282501,35.57,36.177502,125997600.0
36.4575,36.5275,35.790001,36.122501,88329600.0
35.932499,36.540001,35.904999,36.252499,99047600.0
36.455002,37.07,36.345001,36.7925,102769600.0
36.57,36.790001,36.2775,36.282501,141757600.0
36.407501,36.674999,36.279999,36.442501,76425200.0
36.467499,36.517502,36.1525,36.380001,85063200.0
36.252499,36.717499,36.235001,36.717499,99600400.0
36.584999,36.685001,35.915001,35.915001,130165600.0
35.567501,36.125,35.549999,35.945,201444400.0
36.072498,36.119999,35.552502,35.830002,128661600.0
36.290001,36.875,35.959999,36.875,126124800.0
36.647499,36.862499,36.287498,36.790001,136661600.0
36.355,36.522499,35.627499,36.435001,289229200.0
37.244999,38.797501,36.505001,38.797501,259530800.0
38.747501,38.884998,38.599998,38.8125,85003200.0
38.842499,38.994999,38.619999,38.755001,84278400.0
38.612499,38.952499,38.445,38.474998,106499600.0
38.482498,38.612499,38.365002,38.584999,101326800.0
38.862499,38.862499,38.2225,38.395,111082800.0
38.294998,38.3325,38.055,38.2925,65616400.0
38.189999,38.5425,38.095001,38.4925,97804800.0
38.4175,38.607498,38.3325,38.355,80507600.0
38.4025,38.560001,38.327499,38.5,87710400.0
38.467499,38.587502,38.2575,38.432499,76942400.0
38.334999,38.5425,38.1675,38.459999,76712000.0
38.450001,38.724998,38.327499,38.724998,79675600.0
38.497501,38.645,38.227501,38.5,91865600.0
38.264999,38.494999,38.157501,38.345001,107843200.0
38.134998,38.334999,37.782501,37.817501,134272800.0
37.5625,38.642502,37.427502,38.400002,203070800.0
38.8675,39.014999,38.68,38.985001,80194000.0
38.924999,39.162498,38.762501,39.002499,104038800.0
39.025002,39.105,38.6675,38.674999,130108000.0
38.487499,38.517502,38.077499,38.112499,109020400.0
38.314999,38.485001,38.0275,38.407501,103222800.0
38.497501,38.720001,38.362499,38.467499,156521600.0
38.252499,38.424999,37.2575,37.2575,195009600.0
37.240002,37.244999,36.689999,36.689999,109310800.0
36.6325,36.785,36.452499,36.630001,93487600.0
36.764999,36.872501,36.067501,36.397499,182788000.0
36.877499,37.022499,36.709999,36.884998,181408800.0
36.645,36.799999,36.240002,36.275002,134411600.0
35.912498,36.075001,35.817501,36.022499,83441600.0
35.947498,36.040001,35.827499,35.98,56985200.0
35.919998,36.150002,35.845001,36.1175,80164800.0
36.1325,36.224998,35.967499,35.977501,75486000.0
35.91,35.987499,35.794998,35.875,68537200.0
35.567501,35.669998,35.462502,35.610001,69283600.0
35.610001,35.73,35.290001,35.305,93278400.0
35.169998,35.5,35.112499,35.470001,69313600.0
35.299999,35.509998,35.2775,35.352501,58790000.0
35.4575,35.470001,35.217499,35.369999,66328400.0
35.262501,35.595001,35.262501,35.477501,71291600.0
35.450001,35.537498,35.252499,35.400002,81400000.0
35.407501,35.837502,35.014999,35.735001,121517600.0
35.7925,35.970001,35.724998,35.900002,75733600.0
35.834999,36.044998,35.817501,35.932499,66688800.0
35.915001,36.130001,35.862499,36.072498,84596000.0
36.005001,36.365002,35.952499,36.055,110871600.0
36.192501,36.2225,35.7925,35.8125,79565600.0
35.924999,36.029999,35.762501,35.927502,79942800.0
35.915001,36.067501,35.752499,35.93,78646800.0
35.982498,36.125,35.875,36.047501,84829200.0
36.029999,36.122501,35.797501,35.919998,116760000.0
35.950001,36.009998,35.154999,35.227501,133499200.0
35.220001,35.305,34.654999,34.8475,94300400.0
35.16,35.435001,35.087502,35.375,89582400.0
35.23,35.395,35.1525,35.314999,81385200.0
35.355,35.400002,34.939999,34.962502,103440800.0
34.959999,35.700001,34.932499,35.5275,158119600.0
35.365002,35.375,35.057499,35.099998,86168000.0
34.997501,35.25,34.9725,35.25,175540000.0
35.172501,35.255001,35.064999,35.18,76928000.0
35.115002,35.1875,34.7575,34.852501,102767200.0
34.747501,34.912498,34.709999,34.825001,61236400.0
34.799999,34.857498,34.705002,34.712502,69686800.0
34.785,34.84,34.66,34.8125,78451200.0
34.669998,34.697498,34.262501,34.685001,88623600.0
34.75,34.950001,34.705002,34.737499,74828800.0
34.880001,34.994999,34.697498,34.764999,69785200.0
34.834999,34.942501,34.650002,34.842499,87000000.0
34.945,34.9575,34.647499,34.695,84432400.0
34.740002,35.07,34.689999,35.0,104844000.0
34.947498,35.037498,34.400002,34.4725,145658400.0
34.247501,34.360001,34.174999,34.27,93931600.0
34.232498,34.360001,34.07,34.285,81029600.0
34.165001,34.165001,33.82,33.977501,87106400.0
34.1325,34.369999,34.075001,34.345001,83152800.0
34.2775,34.279999,34.0275,34.107498,83347600.0
34.174999,34.1875,33.994999,34.057499,98028800.0
33.93,33.9575,33.775002,33.775002,88792800.0
33.837502,33.974998,33.709999,33.9175,90338400.0
33.877499,34.067501,33.654999,33.880001,142492400.0
33.755001,33.772499,33.3125,33.3675,132904800.0
33.322498,33.455002,33.1875,33.27,92141600.0
33.029999,33.235001,33.012501,33.115002,80262000.0
33.105,33.112499,32.779999,32.912498,113399600.0
33.009998,33.055,32.805,32.837502,92016400.0
32.8825,33.022499,32.612499,32.634998,152735200.0
32.572498,32.625,32.224998,32.282501,107383600.0
32.27,32.297501,32.040001,32.077499,98029200.0
32.1325,32.3475,31.945,31.995001,134841600.0
32.1875,32.622501,31.752501,31.7575,447940000.0
30.3375,30.3475,30.155001,30.2875,196804000.0
30.407499,30.407499,30.165001,30.2325,121510000.0
30.487499,30.5875,30.4,30.535,82251600.0
30.485001,30.610001,30.4,30.4175,105350400.0
30.469999,30.525,30.07,30.105,129510400.0
29.9925,30.025,29.875,29.887501,92844000.0
30.02,30.202499,29.942499,30.0,88200800.0
30.0,30.112499,29.932501,30.112499,130391600.0
29.945,30.022499,29.842501,29.85,102389200.0
29.997499,30.125,29.9275,30.0,94852000.0
30.0,30.059999,29.555,29.584999,137759200.0
29.76,29.905001,29.702499,29.7775,104447600.0
29.8125,29.825001,29.5525,29.725,108344800.0
29.9375,29.9825,29.65,29.684999,110354400.0
29.7775,29.844999,29.575001,29.692499,97848400.0
29.747499,29.8575,29.485001,29.487499,134247600.0
29.477501,29.540001,29.1175,29.195,127007600.0
29.1525,29.215,28.952499,28.98,88774400.0
29.004999,29.127501,28.9375,28.9625,84472400.0
29.0375,29.0825,28.690001,28.950001,115127600.0
28.955,29.299999,28.8575,29.1625,122345200.0
29.182501,29.2775,29.1,29.112499,60158000.0
29.190001,29.504999,29.049999,29.379999,83623600.0
29.315001,29.450001,29.122499,29.129999,73187600.0
29.129999,29.129999,28.897499,28.897499,56998000.0
29.0725,29.127501,28.91,29.0875,104343600.0
29.264999,29.35,29.195,29.200001,95132800.0
29.237499,29.375,29.17,29.184999,85700000.0
29.16,29.344999,28.9375,28.950001,111117600.0
28.9925,29.125,28.9125,29.1175,177404400.0
28.955,29.182501,28.807501,28.844999,186098000.0
28.797501,29.049999,28.745001,28.76,136127200.0
28.797501,28.98,28.4375,28.459999,174935200.0
28.325001,28.75,28.122499,28.3225,105497600.0
28.487499,28.674999,28.077499,28.077499,137610400.0
28.030001,28.1075,27.65,27.715,108273200.0
27.7575,27.797501,27.290001,27.315001,119994800.0
27.487499,27.59,27.297501,27.375,104782000.0
27.2775,27.5075,27.0625,27.5,137298000.0
27.475,27.522499,27.2125,27.2925,106112000.0
27.372499,27.735001,27.2575,27.592501,148347600.0
27.629999,28.049999,27.567499,27.9,144649200.0
27.865,28.0075,27.5175,27.695,114115200.0
27.8925,28.1175,27.8475,27.8575,108776000.0
27.9475,27.967501,27.737499,27.782499,45903600.0
27.807501,27.877501,27.5825,27.84,109705600.0
27.950001,28.105,27.85,27.987499,103862000.0
27.932501,27.997499,27.502501,27.530001,117058400.0
27.514999,27.635,27.415001,27.43,113715600.0
27.487499,27.5875,27.2075,27.452499,110528000.0
27.497499,27.557501,26.65,26.674999,235362000.0
26.7775,26.92,26.540001,26.6425,129058000.0
26.4275,26.952499,26.02,26.9275,204702000.0
27.1075,27.217501,26.637501,26.780001,136575600.0
26.9475,27.772499,26.4575,27.772499,228538000.0
27.719999,27.83,27.012501,27.469999,236705600.0
27.764999,27.93,27.424999,27.577499,97016800.0
27.602501,27.627501,27.365,27.52,130240000.0
27.209999,27.5625,27.0275,27.1325,123348000.0
27.4575,27.865,27.387501,27.745001,107730400.0
27.897499,28.0875,27.807501,27.85,113326800.0
27.872499,28.442499,27.6325,28.365,175303200.0
28.385,28.557501,28.299999,28.4125,105677600.0
28.43,28.8025,28.362499,28.467501,151446800.0
28.620001,28.965,28.525,28.8475,138248000.0
28.897499,28.924999,28.327499,28.577499,264536800.0
29.5625,29.59,29.327499,29.487499,192516000.0
29.4125,29.434999,29.25,29.275,94154800.0
29.15,29.227501,29.07,29.202499,92770800.0
29.264999,29.344999,29.0825,29.215,96503200.0
29.280001,29.440001,28.450001,29.3125,80138400.0
29.3675,29.5525,29.362499,29.545,98214000.0
29.387501,29.459999,29.195,29.3325,94499600.0
29.407499,29.5425,29.282499,29.469999,142608800.0
29.245001,29.360001,28.93,29.1975,140769600.0
29.334999,29.495001,29.1875,29.3375,150347200.0
29.075001,29.672501,29.049999,29.424999,256164000.0
29.012501,29.1875,28.68,28.754999,144944000.0
28.514999,28.639999,28.377501,28.577499,97433600.0
28.4725,28.584999,28.282499,28.424999,115117200.0
28.262501,28.415001,28.172501,28.35,85812400.0
28.25,28.577499,28.157499,28.264999,118947200.0
28.129999,28.262501,28.07,28.1775,86807200.0
28.262501,28.342501,27.950001,28.115,145516400.0
28.045,28.450001,27.950001,28.290001,143548000.0
28.487499,28.66,28.3575,28.422501,118564400.0
28.272499,28.295,28.084999,28.25,98429600.0
28.219999,28.3475,27.887501,27.91,119477600.0
28.1775,28.6975,27.887501,28.605,209924800.0
28.655001,28.735001,28.5,28.5875,124296000.0
28.387501,28.497499,28.110001,28.4625,144012800.0
28.3925,28.530001,28.127501,28.262501,138057200.0
28.395,29.045,28.3125,28.797501,188092000.0
28.73,29.032499,28.51,28.780001,319547600.0
28.8925,28.932501,28.372499,28.465,359934400.0
27.942499,28.2575,27.15,27.182501,443554800.0
26.987499,27.1975,26.809999,26.877501,248704800.0
26.360001,26.43,25.6325,25.6625,181171200.0
25.782499,26.43,25.782499,26.16,186228000.0
26.379999,26.817499,26.309999,26.8125,212008000.0
27.09,27.190001,26.7675,26.9575,169457200.0
26.924999,27.075001,26.877501,26.975,107521600.0
26.932501,27.0,26.705,26.924999,107210000.0
26.682501,26.700001,26.405001,26.535,106806000.0
26.525,26.6425,26.41,26.415001,118649600.0
26.5,26.625,26.375,26.450001,99455600.0
26.705,26.860001,26.5725,26.655001,99881200.0
26.735001,26.987499,26.577499,26.852501,111065200.0
26.8925,26.969999,26.67,26.8475,100344800.0
27.0075,27.1875,26.92,27.1425,94700400.0
27.2125,27.33,27.1325,27.147499,85030800.0
27.127501,27.275,26.9625,27.215,103280800.0
27.34,27.422501,27.09,27.192499,101472400.0
27.27,27.4,27.254999,27.307501,87938800.0
27.305,27.342501,27.084999,27.275,101424000.0
27.344999,27.557501,27.3025,27.407499,135177600.0
27.370001,27.385,27.02,27.035,103472800.0
27.045,27.110001,26.945,26.945,74641600.0
26.9825,27.2325,26.9625,27.129999,109938000.0
27.0,27.225,26.940001,27.1775,96034000.0
27.202499,27.235001,27.002501,27.057501,105260800.0
27.092501,27.092501,26.790001,26.879999,112148800.0
26.870001,26.9125,26.545,26.567499,162213600.0
26.467501,26.5,26.32,26.395,109634800.0
26.4475,26.459999,26.192499,26.202499,120810400.0
26.120001,26.5175,26.0,26.512501,135266400.0
26.512501,26.5375,26.102501,26.102501,152671600.0
26.0525,26.137501,25.92,26.047501,110934800.0
26.084999,26.112499,25.705,25.7075,159479200.0
25.737499,26.0875,25.6875,26.067499,369379200.0
24.1675,24.4925,24.105,24.205,224959200.0
24.334999,24.709999,24.23,24.5625,161531600.0
24.665001,24.825001,24.577499,24.815001,113254800.0
24.8575,25.25,24.782499,24.9575,130808000.0
24.99,25.115,24.934999,25.0,105104000.0
24.967501,25.0,24.834999,24.889999,95119600.0
24.9575,25.032499,24.65,24.674999,145975600.0
24.695,24.825001,24.625,24.73,120548000.0
24.6975,24.747499,24.33,24.3475,155676000.0
24.217501,24.4175,24.209999,24.352501,103568800.0
24.355,24.424999,24.280001,24.2925,96670000.0
24.245001,24.4125,24.182501,24.1875,95179600.0
24.17,24.2225,24.012501,24.122499,115648400.0
23.985001,24.125,23.905001,23.924999,100558400.0
23.8825,23.915001,23.592501,23.65,123796400.0
23.747499,23.85,23.615,23.8475,110820800.0
23.9725,24.1175,23.8325,23.872499,104106000.0
23.9,23.942499,23.575001,23.610001,143345600.0
23.6,23.637501,23.407499,23.4925,146124000.0
23.397499,23.415001,23.035,23.225,161779600.0
23.01,23.262501,22.875,23.25,181958400.0
23.35,23.665001,23.1625,23.227501,301245600.0
24.025,24.0725,23.8125,23.985001,128960800.0
23.887501,24.2225,23.8375,24.0625,116876400.0
23.977501,24.0875,23.67,23.735001,142185600.0
23.775,24.1425,23.7575,24.0,137647600.0
23.8325,24.1625,23.825001,24.155001,244032800.0
24.387501,24.4375,24.0175,24.112499,125307200.0
24.285,24.602501,24.2575,24.455,117780800.0
24.365,24.620001,24.1875,24.33,127727600.0
24.334999,24.780001,24.275,24.672501,152082000.0
24.7075,24.8375,24.620001,24.6325,126851600.0
24.9125,24.997499,24.615,24.625,106405600.0
24.735001,24.889999,24.67,24.754999,83392400.0
24.7575,24.967501,24.74,24.8125,89638000.0
24.657499,25.4725,24.387501,24.497499,93170000.0
24.48,24.567499,24.362499,24.4475,114019600.0
24.43,24.459999,24.157499,24.4,160766400.0
24.615,24.885,24.5825,24.754999,116693200.0
24.965,25.1,24.705,24.9,169228800.0
25.0875,25.1175,24.8125,24.860001,145364800.0
25.102501,25.182501,24.66,24.92,225324800.0
24.905001,24.934999,24.5275,24.6675,152675200.0
24.475,24.522499,24.209999,24.305,140560800.0
24.1075,24.297501,23.9175,23.967501,152074400.0
